"Month_Year","AU","AT","BE","BG","CA","CL","CO","CR","CZ","DK","EE","FI","FR","DE","GR","HU","IS","IE","IL","IT","JP","KR","LV","LT","LU","MX","NL","NO","PL","PT","SK","SI","ES","SE","TR","GB","US"
2000-01-01,6.765944,4.3,7.3,14.3,6.8,9.169796,NA,NA,9.2,5,14,10.1,10.4,8.2,11.5,6.6,NA,4.9,NA,10.6,4.7,5,14.4,15.6,2.3,2.3,3.9,3.4,15.5,5.6,18.3,6.8,12.8,6.2,NA,5.8,4
2000-02-01,6.618081,4.3,7.1,14.7,6.9,9.009863,NA,NA,9.2,4.6,14.9,10.2,10.2,8.1,11.6,6.6,NA,4.8,NA,10.6,4.9,4.8,14.3,15.6,2.3,2.1,3.9,3.4,15.8,5.4,18.5,6.8,12.4,6.1,NA,5.8,4.1
2000-03-01,6.564051,4.1,6.9,15.2,6.9,9.237549,NA,NA,9.3,4.4,14.2,10.2,10.1,8.1,11.6,6.5,NA,4.7,NA,10.5,4.9,4.6,14.3,15.7,2.3,2.2,3.8,3.3,16.1,5.3,18.7,6.8,12.2,5.9,NA,5.7,4
2000-04-01,6.375329,3.8,6.9,15.7,6.7,9.233146,NA,NA,9.1,4.4,14.5,10,9.9,8,11.5,6.5,NA,4.7,NA,10.3,4.8,4.5,14.3,16.2,2.3,2.792068,3.8,3.2,16.2,5.2,18.9,7.1,12,5.9,NA,5.6,3.8
2000-05-01,6.413451,3.7,6.8,16,6.6,9.39879,NA,NA,8.9,4.5,13.9,9.8,9.7,8,11.5,6.4,NA,4.6,NA,10.3,4.6,4.4,14.4,16.5,2.3,2.722647,3.7,3,16.3,5.3,19.2,7.2,11.9,5.6,NA,5.5,4
2000-06-01,6.114384,3.6,6.7,16.3,6.7,9.975429,NA,NA,8.6,4.4,14,9.6,9.5,8,11.4,6.3,NA,4.5,NA,10.2,4.7,4.2,14.4,16.8,2.3,2.72309,3.7,3,16.1,5.2,19.4,7.2,11.9,5.8,NA,5.3,4
2000-07-01,5.953161,3.8,6.8,16.8,6.8,10.2543,NA,NA,8.7,4.2,13.9,9.6,9.4,7.9,11.3,6.2,NA,4.4,NA,10,4.7,4.2,14.3,17,2.2,2.457457,3.6,3.1,16,5.3,19.7,7,11.9,5.6,NA,5.3,4
2000-08-01,6.050417,3.8,7,17.2,7,10.53594,NA,NA,8.5,4.1,14.3,9.6,9.3,7.9,11.2,6.1,NA,4.2,NA,10,4.6,4.2,14.4,17,2.2,2.72916,3.6,3.3,15.9,5.4,18.6,6.8,11.8,5.5,NA,5.3,4.1
2000-09-01,5.962258,3.9,6.9,17.5,6.9,10.14596,NA,NA,8.4,4,14.2,9.6,9.1,7.9,11.2,6,NA,4.1,NA,9.9,4.7,4.5,14.4,16.9,2.2,2.619258,3.5,3.3,16,5.4,18.6,6.6,11.7,5.2,NA,5.4,3.9
2000-10-01,6.008932,3.8,6.8,17.7,7,10.19373,NA,NA,8.5,4,14.1,9.5,9,7.8,10.6,6,NA,3.9,NA,9.6,4.7,4.1,14.5,16.5,2.1,2.487701,3.4,3.2,16.2,5.2,18.8,6.3,11.7,5.2,NA,5.3,3.9
2000-11-01,6.260883,3.8,6.7,17.9,6.9,9.718235,NA,NA,8.5,4.1,14.4,9.4,8.9,7.8,10.7,5.9,NA,3.9,NA,9.6,4.7,4.2,14.5,16.5,2.1,2.359279,3.4,3.3,16.5,5,19,6.2,11.5,5.2,NA,5.2,3.9
2000-12-01,6.243012,3.7,6.4,18.1,6.8,9.819553,NA,NA,8.2,4.1,14.3,9.3,8.8,7.7,10.6,5.8,NA,3.9,NA,9.6,4.8,4.3,14.3,16.8,2,2.547241,3.3,3.4,16.8,5.1,19.1,6.2,11.2,4.9,NA,5.2,3.9
2001-01-01,6.137213,3.6,6.1,18.5,6.9,9.813293,NA,NA,8.3,4.3,14.4,9.4,8.7,7.7,10.5,5.7,NA,4,NA,9.4,4.8,4.4,14.1,17.6,1.9,2.544988,3.2,3.4,17.1,5.1,19.4,6.1,10.8,6,NA,5.2,4.2
2001-02-01,6.50085,3.6,6,18.8,7,9.937083,NA,NA,8.3,4.4,13.9,9.4,8.7,7.7,10.5,5.7,NA,4,NA,9.4,4.7,4.6,13.8,17.8,1.9,3.209051,3.2,3.4,17.4,5.3,19.3,6,10.7,5.9,NA,5.1,4.2
2001-03-01,6.457733,3.7,6.1,19.2,7.1,10.02771,NA,NA,8.2,4.4,14,9,8.7,7.6,10.5,5.6,NA,3.9,NA,9.3,4.8,4.6,13.5,17.8,1.9,2.663894,3.2,3.2,17.7,5.4,19.4,6.1,10.5,5.8,NA,5,4.3
2001-04-01,6.781255,3.9,6.5,19.9,7.1,10.14383,NA,NA,8.1,4.3,14.2,9.2,8.7,7.6,10.7,5.6,NA,3.9,NA,9.2,4.8,4.1,13.2,17.7,1.9,2.703472,3.1,3.2,18.1,5.4,19.6,6,10.4,5.7,NA,4.9,4.4
2001-05-01,6.891892,4,6.6,20.1,7,9.890594,NA,NA,8.1,4.3,13.6,9.1,8.7,7.7,10.7,5.6,NA,4,NA,9.1,4.9,3.9,13.1,17.6,1.8,2.780142,3.1,3.2,18.4,5.4,19.5,5.9,10.6,5.7,NA,5,4.3
2001-06-01,6.932156,4.1,6.4,20.1,7.2,9.798278,NA,NA,8.1,4.4,12.9,9,8.8,7.7,10.7,5.6,NA,4.1,NA,9.1,5,3.8,13,17.3,1.8,2.737625,3.1,3.4,18.5,5.4,19.5,5.9,10.5,5.7,NA,5,4.5
2001-07-01,6.878795,4.1,6.1,20,7.1,9.655873,NA,NA,8.2,4.5,13.1,8.8,8.8,7.8,10.7,5.6,NA,4.3,NA,9.1,5,3.8,13.1,16.9,1.8,2.82023,3.1,3.4,18.4,5.5,19.4,5.9,10.5,5.9,NA,5.1,4.6
2001-08-01,6.879893,4.1,6.2,19.9,7.2,10.11889,NA,NA,8.2,4.7,12.6,8.9,8.8,7.8,10.6,5.5,NA,4.4,NA,9,5.1,3.7,13.1,16.7,1.9,2.30718,3.1,3.4,18.4,5.4,19.5,6,10.6,5.8,NA,5.1,4.9
2001-09-01,6.840605,4.1,6.6,19.8,7.2,9.988696,NA,NA,8.2,4.7,12.7,9.5,8.8,7.9,10.6,5.5,NA,4.4,NA,9,5.3,3.7,13.2,16.8,1.9,2.503783,3.1,3.6,18.6,5.4,19.5,6.3,10.5,5.8,NA,5.1,5
2001-10-01,7.192418,4.2,7.3,19.7,7.3,9.791731,NA,NA,7.9,4.7,11.6,9,8.8,8,10.9,5.5,NA,4.4,NA,8.9,5.3,3.7,14.3,17.6,2,2.863269,3.1,3.7,18.8,5.4,19.6,6.5,10.5,6.2,NA,5.1,5.3
2001-11-01,6.881952,4.3,7.4,19.9,7.5,9.455477,NA,NA,7.9,4.7,11.9,9.4,8.8,8,10.9,5.5,NA,4.4,NA,8.9,5.4,3.7,14,17.6,2,2.996422,3.1,3.6,19.1,5.4,19.5,6.8,10.6,5.8,NA,5.2,5.5
2001-12-01,6.860336,4.4,7.5,19.8,8.1,9.627823,NA,NA,8,4.7,11.5,8.9,8.8,8.1,10.8,5.5,NA,4.4,NA,8.8,5.4,3.7,13.3,17.3,2,3.086165,3.2,3.6,19.2,5.4,19.3,6.8,10.7,5.9,NA,5.2,5.7
2002-01-01,6.913929,4.5,7.4,19.4,8,9.881413,NA,NA,7.4,4.6,11.6,9.4,8.8,8.1,10.7,5.5,NA,4.4,NA,8.6,5.2,3.6,12.7,16.7,2.2,3.360129,3.2,3.6,19.4,5.6,19.1,6.7,11.1,5.8,NA,5.1,5.7
2002-02-01,6.535313,4.5,7.3,19.3,7.9,10.00676,NA,NA,7.5,4.4,11.6,9,8.8,8.2,10.7,5.5,NA,4.5,NA,8.5,5.3,3.4,12.5,16,2.2,3.03529,3.3,3.8,19.4,5.6,19,6.6,11.5,5.8,NA,5.2,5.7
2002-03-01,6.429255,4.5,7.3,18.9,7.9,9.903183,NA,NA,7.4,4.3,11.2,8.9,8.7,8.2,10.7,5.5,NA,4.6,NA,8.5,5.3,3.4,12.8,15.1,2.2,3.022208,3.4,3.7,19.6,5.7,18.9,6.4,11.2,5.8,NA,5.2,5.7
2002-04-01,6.344341,4.3,7.3,18.7,7.7,9.781787,NA,NA,7,4.3,10.7,9.2,8.7,8.3,10.3,5.5,NA,4.6,NA,8.9,5.3,3.4,13.6,14.1,2.3,3.05236,3.4,3.8,19.9,5.8,18.9,6.3,11.2,6,NA,5.2,5.9
2002-05-01,6.37148,4.2,7.3,18.5,7.8,9.792359,NA,NA,7.3,4.4,10.5,9.5,8.6,8.4,10.3,5.5,NA,4.7,NA,8.8,5.4,3.3,13.7,13.3,2.4,3.128937,3.5,3.7,19.8,6.2,19,6.3,11.2,5.8,NA,5.2,5.8
2002-06-01,6.495111,4.2,7.3,18.3,7.6,9.573581,NA,NA,7.3,4.5,11.2,8.7,8.6,8.5,10.3,5.6,NA,4.6,NA,8.8,5.5,3.1,13.1,13,2.5,3.039378,3.6,3.5,20.2,6.4,18.9,6.1,11.4,5.6,NA,5.2,5.8
2002-07-01,6.178652,4.3,7.5,18.3,7.6,9.68065,NA,NA,7,4.8,11.4,9.1,8.6,8.6,10.3,5.6,NA,4.4,NA,8.6,5.4,3.2,11.7,12.9,2.6,2.907495,3.7,3.4,20.4,6.6,18.8,6.1,11.7,6.1,NA,5.2,5.8
2002-08-01,6.34809,4.4,7.4,18.3,7.4,9.88951,NA,NA,7.4,5,11.2,9.2,8.6,8.7,10.2,5.6,NA,4.4,NA,8.6,5.5,3.3,11.3,12.9,2.7,2.777408,3.8,3.6,20.5,6.5,18.8,6.3,11.8,5.9,NA,5.3,5.7
2002-09-01,6.311068,4.5,7.6,18.1,7.6,10.10056,NA,NA,7.2,5,11.3,9,8.6,8.9,10.2,5.7,NA,4.7,NA,8.6,5.4,3,11.4,12.9,2.7,2.886344,3.9,3.7,20.5,6.8,18.7,6.3,11.7,6.2,NA,5.2,5.7
2002-10-01,6.127301,4.4,7.8,17.8,7.6,9.947601,NA,NA,7.1,4.9,11.8,9.2,8.6,9,10,5.7,NA,5.1,NA,8.5,5.4,3.1,12.1,12.9,2.9,2.794946,4,3.8,20.4,7.2,18.7,6.2,11.6,6,NA,5.2,5.7
2002-11-01,6.161504,4.4,8,16.9,7.5,9.518977,NA,NA,7.5,4.8,11.5,8.8,8.6,9.1,10,5.7,NA,5.4,NA,8.5,5.2,3.1,12.5,12.8,3,3.00077,4.1,3.8,20.3,7.5,18.6,6.4,11.6,6.2,NA,5.1,5.9
2002-12-01,6.181163,4.5,8.1,15.9,7.6,9.352391,NA,NA,7.4,4.7,11.9,9,8.5,9.2,10,5.7,NA,5.3,NA,8.4,5.4,3.1,12.3,12.7,3.1,2.729125,4.2,3.8,20.1,7.6,18.5,6.4,11.6,6.3,NA,5,6
2003-01-01,6.081049,4.5,8.1,15.6,7.5,9.543246,NA,NA,7.2,4.8,11.4,9.1,8.2,9.4,9.8,5.7,5,5,NA,8.8,5.4,3.3,11.6,12.4,3.2,2.890019,5.3,3.9,19.9,7.6,18.2,6.5,11.7,6.4,NA,5.1,5.8
2003-02-01,5.953865,4.5,8.1,14.9,7.5,9.566302,NA,NA,7.3,5,11.2,8.6,8.3,9.5,9.7,5.7,4,4.8,NA,8.7,5.2,3.2,11.3,12.4,3.3,2.98038,5.4,4,19.8,7.6,18,6.7,11.7,6,NA,5.2,5.9
2003-03-01,6.130254,4.6,8.1,14.6,7.4,9.785263,NA,NA,7.5,5.2,11.1,9.2,8.4,9.6,9.7,5.7,2.9,4.7,NA,8.7,5.4,3.3,11.3,12.6,3.4,3.123908,5.6,4,19.6,7.7,17.8,6.8,11.6,6.3,NA,5.1,5.9
2003-04-01,6.02839,4.7,8.1,14.3,7.6,9.604365,NA,NA,7.5,5.4,10.8,9.4,8.5,9.7,9.7,5.8,2.3,4.7,NA,8.4,5.5,3.4,11.4,12.9,3.5,3.0915,5.7,4.2,19.5,7.8,17.4,6.8,11.4,6.3,NA,5,6
2003-05-01,6.068085,4.8,8.1,14.2,7.8,9.589636,NA,NA,7.8,5.6,11.1,9.1,8.5,9.7,9.7,5.8,3.6,4.7,NA,8.5,5.4,3.6,11.7,13.1,3.6,3.191952,5.8,4.2,19.5,8,17.3,6.8,11.3,6.3,NA,4.9,6.1
2003-06-01,6.053994,4.9,8.1,13.9,7.6,9.461609,NA,NA,7.8,5.6,11,9.4,8.5,9.8,9.7,5.8,3.5,4.9,NA,8.5,5.4,3.6,12.1,13,3.7,3.267429,5.9,4.3,19.7,7.9,17.3,6.8,11.5,6.4,NA,5.1,6.3
2003-07-01,6.12677,4.8,8.1,13.6,7.7,9.654906,NA,NA,7.8,5.4,10.5,9,8.5,9.8,9.7,5.7,3.9,5,NA,8.4,5.2,3.7,12.4,12.7,3.8,3.576365,6,4.3,19.9,7.8,17.4,6.8,11.6,6.5,NA,5.1,6.2
2003-08-01,5.817016,4.8,8.1,13.3,7.8,9.733268,NA,NA,7.9,5.4,10.1,8.7,8.3,9.8,9.7,5.7,3.6,5.1,NA,8.4,5.1,3.7,12.4,12.4,3.9,3.664692,6.1,4.4,20,7.8,17.6,6.8,11.5,6.9,NA,5,6.1
2003-09-01,5.774416,4.8,8.2,13,7.9,9.531534,NA,NA,8.1,5.5,9.1,9,8.5,9.8,9.7,5.7,3.1,5,NA,8.4,5.2,3.7,12.1,12.2,4.1,3.816401,6.2,4.4,19.9,7.8,17.5,6.8,11.5,6.5,NA,5,6.1
2003-10-01,5.782548,4.9,8.3,12.7,7.6,9.338871,NA,NA,8,5.7,9.3,9,8.7,9.8,9.9,5.7,2.9,4.8,NA,8.2,5.1,3.8,11.3,12,4.2,3.769731,6.2,4.3,19.8,8,17.6,6.6,11.4,6.9,NA,4.9,6
2003-11-01,5.660666,5,8.3,12.7,7.4,9.266236,NA,NA,8.2,5.8,9.4,8.9,8.8,9.8,9.9,5.7,3.5,4.7,NA,8.2,5.1,3.9,10.9,11.9,4.3,4.035325,6.4,4.3,19.7,7.9,17.9,6.5,11.3,7.3,NA,4.9,5.8
2003-12-01,5.680417,5.2,8.5,12.7,7.3,9.224048,NA,NA,8.4,5.8,10.4,9,9,9.8,9.9,5.7,4,4.8,NA,8.2,4.9,3.7,11.1,11.7,4.4,3.402546,6.5,4.4,19.8,7.7,18.4,6.5,11.4,7,NA,4.8,5.7
2004-01-01,5.530348,6.1,8.7,12.8,7.3,9.155036,NA,NA,8.3,5.8,10.6,9,8.9,9.8,11.2,5.7,3.3,5.1,NA,8.3,4.9,3.5,11.7,11.6,4.6,3.777796,6.5,4.2,20,7.5,18.7,6.5,11.3,7,NA,4.8,5.7
2004-02-01,5.641925,6,8.6,12.8,7.3,9.516433,NA,NA,8.6,5.7,10,8.7,8.9,10.1,10.8,5.8,2.8,5.2,NA,8,5,3.5,12,11.4,4.7,4.043839,6.6,4.2,19.9,7.6,19,6.5,11.2,7.6,NA,4.8,5.6
2004-03-01,5.436614,5.9,8.3,12.7,7.3,10.09407,NA,NA,8.4,5.5,9.7,8.9,8.9,10.3,10.8,5.8,4.4,5.1,NA,8.3,4.8,3.6,11.9,11.2,4.9,3.921735,6.7,4.1,19.8,7.7,19,6.5,11.1,7.4,NA,4.8,5.8
2004-04-01,5.506048,6.1,7.7,12.6,7.2,10.48926,NA,NA,8.3,5.5,9.6,9.5,8.8,10.3,10.7,5.8,2.7,4.8,NA,8.2,4.8,3.6,11.5,11,5,3.987647,6.9,4.2,19.5,7.8,19.1,6.4,11.2,7.1,NA,4.8,5.6
2004-05-01,5.33594,5.7,7.6,12.3,7.1,10.39313,NA,NA,8.4,5.4,9.9,9.5,8.8,10.3,10.7,5.9,4,4.7,NA,8.1,4.7,3.7,11.3,10.9,5,3.884007,7,4.2,19.3,8.1,18.8,6.4,11.2,7.6,NA,4.8,5.6
2004-06-01,5.462574,5.6,8,12,7.2,10.30209,NA,NA,8.3,5.5,9.7,8.6,8.8,10.3,10.5,6,3.6,4.5,NA,7.9,4.7,3.5,11.2,10.8,5,3.958375,6.9,4.3,19.2,8.3,18.5,6.2,11.2,7.4,NA,4.8,5.6
2004-07-01,5.549358,5.5,8.6,11.6,7.1,10.42428,NA,NA,8.1,5.6,10,8.9,8.8,10.3,10.5,6.1,3.3,4.5,NA,7.9,4.9,3.8,11.4,10.8,5.1,3.795059,6.8,4.3,19,8.2,18.2,6.1,11,7.2,NA,4.7,5.5
2004-08-01,5.516497,5.6,9,11.5,7,10.41129,NA,NA,8.2,5.6,10.4,9,8.9,10.4,10.5,6.2,3.5,4.5,NA,7.7,4.8,3.8,11.7,10.8,5.1,3.997989,6.7,4.4,18.9,8.5,18,6.2,11,7.3,NA,4.7,5.4
2004-09-01,5.369685,6.2,9,11.5,6.9,10.43076,NA,NA,8.4,5.6,10.2,8,8.9,10.4,10.3,6.2,3.3,4.6,NA,8.1,4.6,3.7,12,10.7,5.1,3.84378,6.7,4.4,18.7,8.5,17.9,6.2,10.9,7.8,NA,4.7,5.4
2004-10-01,5.121862,6.1,8.6,11.8,7.1,10.01008,NA,NA,8.5,5.4,10.3,8.6,9,10.5,10.4,6.4,2.8,4.7,NA,8,4.6,3.7,12.1,10.7,4.9,3.900006,6.8,4.4,18.6,8.5,17.8,6.3,10.7,7.1,NA,4.7,5.5
2004-11-01,5.160369,5.7,8.3,11.7,7.2,9.726185,NA,NA,8.3,5.3,9.5,8.7,9,10.6,10.4,6.4,3.3,4.7,NA,8.1,4.5,3.8,12.1,10.5,5,3.868527,6.8,4.4,18.4,8.5,17.7,6.2,10.6,7.5,NA,4.7,5.4
2004-12-01,5.067713,6,8.2,11.5,7.1,9.443888,NA,NA,8,5.3,9.5,8.4,8.9,10.7,10.2,6.5,3.1,4.7,NA,7.9,4.5,3.8,11.8,10.3,4.9,4.034563,7,4.4,18.3,8.7,17.6,6.4,10.3,7.5,NA,4.7,5.4
2005-01-01,5.072467,5.7,8.3,11.2,6.9,9.497298,NA,NA,8.2,5.3,9.2,9.3,8.7,10.7,10.2,6.6,3.9,4.4,NA,7.8,4.5,3.8,11.5,9.8,4.7,3.980735,7,4.5,18.1,8.8,17.3,6.4,10.1,7,9.3,4.8,5.3
2005-02-01,5.083152,5.7,8.5,10.9,7,9.355608,NA,NA,8.2,5.2,9.3,8.9,8.6,10.9,9.9,6.8,2.9,4.3,NA,8,4.6,3.6,11.1,9.5,4.8,3.664565,7.2,4.4,18.2,8.8,17.1,6.5,9.9,7.8,9.1,4.7,5.4
2005-03-01,5.161945,6,8.6,10.6,6.9,9.51319,NA,NA,7.8,5.2,8.6,7.9,8.6,10.9,10.2,6.9,2.9,4.6,NA,7.9,4.5,3.7,10.8,9.3,4.7,3.778824,7.1,4.6,18.3,9,17,6.4,9.7,7.3,9.3,4.7,5.2
2005-04-01,5.120924,6,8.4,10.4,6.7,9.398382,NA,NA,8,5.2,8.3,8.9,8.7,11.2,10.1,7.1,2.2,4.8,NA,7.9,4.5,3.7,10.3,9.3,4.7,3.806163,7.1,4.6,18.4,9.1,16.7,6.1,9.7,7.8,9.5,4.8,5.2
2005-05-01,5.098589,6.2,8.6,10.1,7,9.611817,NA,NA,8,5,8,8.1,8.8,11.2,9.9,7.2,2.2,4.9,NA,7.6,4.5,3.7,10,9,4.7,3.639489,7.2,4.6,18.4,9.1,16.6,6,9.4,8.1,9.7,4.8,5.1
2005-06-01,4.949332,6.2,8.5,9.9,6.8,9.425814,NA,NA,7.9,5,7.9,8.3,8.9,11.2,10.1,7.2,2.8,4.9,NA,7.9,4.3,3.8,9.9,8.6,4.6,3.831549,7,4.6,18.4,9.2,16.3,6,9.1,8.4,9.6,4.7,5
2005-07-01,4.970967,6.1,8.5,9.7,6.7,9.374927,NA,NA,7.8,5,7.7,8.4,8.9,11.2,10.2,7.3,2.2,4.8,NA,7.6,4.4,3.8,10,8.1,4.5,3.759837,7,4.7,18.2,9.5,16.1,6.3,8.8,8.3,9.5,4.7,5
2005-08-01,4.900898,5.9,8.5,9.7,6.7,9.264748,NA,NA,7.8,4.7,7.6,8.1,9,11.2,10,7.4,2.8,4.7,NA,7.6,4.3,3.7,10,7.7,4.5,3.417998,6.9,4.6,18,9.5,16,6.5,8.6,8,9.4,4.7,4.9
2005-09-01,5.001323,6.1,8.5,9.7,6.7,9.135425,NA,NA,7.8,4.5,7.8,7.9,9.1,11.1,10.2,7.4,2,4.6,NA,7.8,4.2,4,9.8,7.4,4.6,3.467683,6.9,4.5,17.8,9.5,16.1,6.9,8.5,7.6,9.6,4.9,5
2005-10-01,5.014939,6.2,8.4,9.9,6.7,9.014258,NA,NA,8,4.3,7.6,7.8,9.1,11,10.1,7.4,3.6,4.5,NA,7.8,4.4,3.9,9.2,7.2,4.6,3.423083,6.9,4.5,17.5,9.5,16,7.1,8.6,8.2,9.7,5.1,5
2005-11-01,4.937159,6.1,8.4,9.8,6.3,8.706167,NA,NA,7.8,4.1,7.2,8.5,9.1,10.9,9.6,7.4,4.1,4.5,NA,7.6,4.5,3.6,8.8,7,4.6,3.178495,6.8,4.4,17.1,9.5,15.7,7.2,8.7,7.4,9.7,5.1,5
2005-12-01,5.068953,6.1,8.5,9.7,6.6,8.445596,NA,NA,7.9,4.1,6.8,8.4,9.1,10.7,9.6,7.4,2,4.6,NA,7.6,4.4,3.5,8.5,6.9,4.7,3.190684,6.8,4.3,16.6,9.3,15.4,7,8.8,7.9,9.7,5.1,4.9
2006-01-01,5.161248,6.1,8.5,9.5,6.7,8.412876,NA,NA,7.9,4.1,6.6,8.3,9.2,10.6,9.4,7.5,2.1,4.7,NA,7.4,4.4,3.4,8.5,6.7,4.5,3.338117,6.5,4.2,16,9.2,15,6.7,8.8,8.1,9.6,5.2,4.7
2006-02-01,5.10252,6,8.6,9.2,6.6,8.581343,NA,NA,7.3,4.2,6.2,8,9.2,10.5,9.6,7.3,2.6,4.7,NA,7.4,4.1,3.5,8.3,6.4,4.5,3.625419,6.5,4.2,15.4,9.1,14.6,6.5,8.7,7.3,9.6,5.2,4.8
2006-03-01,4.866342,6.2,8.6,9.1,6.5,8.66919,NA,NA,7.8,4.2,6.3,7.7,9.1,10.5,9,7.3,2.8,4.7,NA,7.2,4.1,3.5,8,6.2,4.7,3.600045,6.3,3.9,15.1,9.1,14.3,6.4,8.7,7.6,9.3,5.3,4.7
2006-04-01,4.964573,5.7,8.7,9,6.5,8.548376,NA,NA,7.4,4.2,6,7.7,9,10.3,9.1,7.2,3.2,4.7,NA,7.1,4.1,3.5,7.4,5.9,4.6,3.402564,6.2,3.9,14.7,9.1,14,6.3,8.6,8,9.3,5.4,4.7
2006-05-01,4.797451,5.4,8.8,9.1,6.2,8.520535,NA,NA,7,4.1,6.4,7.9,8.9,10.2,9.3,7.3,3.7,4.7,NA,7.1,4.1,3.4,6.9,5.8,4.5,3.179029,6.2,3.8,14.4,9.1,13.7,6.2,8.5,7.4,8.8,5.5,4.6
2006-06-01,4.807424,6,8.5,9.2,6.3,8.289501,NA,NA,7.3,4,6.2,7.7,8.9,10.1,9,7.5,3.7,4.8,NA,6.7,4.2,3.5,6.5,5.8,4.5,3.495285,6,3.9,14,9.1,13.4,6,8.4,7.2,9,5.5,4.6
2006-07-01,4.655795,5.5,8,9.3,6.5,7.975896,NA,NA,7.2,3.8,6,7.6,9,10,8.7,7.5,3.7,5,NA,6.6,4.1,3.5,6.4,5.9,4.5,3.62341,6,3.4,13.8,9.2,13.3,5.9,8.3,7.2,9,5.5,4.7
2006-08-01,4.711726,5.2,7.8,9.3,6.5,7.499312,NA,NA,6.8,3.7,5.8,7.7,9,9.9,8.9,7.6,2.8,5.1,NA,6.7,4.1,3.5,6.3,5.8,4.6,3.781887,5.9,3.6,13.5,9.2,13.1,5.7,8.3,7.2,9,5.5,4.7
2006-09-01,4.66521,5.1,7.9,9,6.5,7.168374,NA,NA,7,3.6,5.6,7.6,8.8,9.8,8.7,7.6,4,4.9,NA,6.7,4.1,3.5,6.3,5.6,4.7,3.700281,5.9,3.3,13.2,9.5,12.8,5.6,8.2,6.9,8.8,5.5,4.5
2006-10-01,4.462476,5.3,7.9,8.6,6.3,6.856128,NA,NA,6.8,3.5,5.8,7.7,8.5,9.7,8.4,7.7,3.2,4.6,NA,6.7,4.1,3.6,6.4,5.3,4.6,3.743581,5.9,2.8,12.9,9.7,12.6,5.5,8.2,6.8,8.7,5.4,4.4
2006-11-01,4.514305,5.3,8,8.5,6.5,6.588652,NA,NA,6.6,3.6,5.4,7.3,8.3,9.6,9.1,7.6,3.2,4.6,NA,6.6,4,3.5,6.5,5,4.6,3.801313,5.9,3,12.4,9.7,12.4,5.5,8.3,6.8,8.7,5.5,4.5
2006-12-01,4.567221,5.3,7.9,8.2,6.3,6.620492,NA,NA,6.5,3.8,5.1,7.1,8.3,9.4,8.9,7.4,3.4,4.7,NA,6.3,4,3.4,6.7,5,4.6,3.881816,5.8,3,11.9,9.7,12.1,5.4,8.3,6.6,8.9,5.5,4.4
2007-01-01,4.55285,5.2,7.8,7.9,6.4,6.8268,11.71997,NA,6.1,4.1,5,7.2,8.5,9.2,8.5,7.1,2.2,4.8,NA,6.3,4,3.3,6.9,4.3,4.4,3.746271,5.7,3,11.3,9.7,11.7,5.4,8.3,6.7,8.8,5.5,4.6
2007-02-01,4.633572,5.5,7.8,7.5,6.3,6.875543,11.7464,NA,5.8,3.9,4.9,7.2,8.5,9.1,8.7,7.1,1.5,4.9,NA,6.1,4,3.1,6.9,4.4,4.4,3.940879,5.7,2.8,10.7,9.8,11.4,5.3,8.2,6.4,9,5.5,4.5
2007-03-01,4.458973,5.1,7.9,7.3,6.3,6.871756,11.89581,NA,5.6,3.7,5.1,7.1,8.4,8.9,8.8,7.2,2.8,5,NA,6.1,4,3.2,6.7,4.4,4.3,4.165167,5.5,2.8,10.3,9.8,11.2,5.1,8.1,6.7,8.9,5.5,4.4
2007-04-01,4.385135,5.6,8.2,7.1,6.3,6.548045,10.90606,NA,5.5,3.5,4.9,6.5,8.2,8.8,8.4,7.2,2.6,5,NA,5.9,3.8,3.3,6.3,4.4,4.2,3.693717,5.3,2.7,10,9.9,11.3,4.9,8,6.3,9.2,5.4,4.5
2007-05-01,4.2638,5.7,8.1,7,6.2,6.528337,11.60834,NA,5.4,3.6,4.9,6.6,8.1,8.6,8.5,7.1,2.5,5,NA,6.1,3.8,3.3,6.1,4.3,4.1,3.557227,5.3,2.6,9.7,9.8,11.3,4.8,7.9,6.1,9.2,5.4,4.4
2007-06-01,4.323524,5.2,7.7,6.9,6.1,6.606154,11.29801,NA,5.4,3.7,4.7,6.9,8,8.6,8.4,7.1,2,5,NA,6,3.7,3.3,5.9,4.3,4.1,3.426718,5.2,2.5,9.5,9.6,11.4,4.8,8,6.4,9.2,5.3,4.6
2007-07-01,4.252344,5.5,7.3,7,6,7.116222,10.87111,NA,5.2,4,4.2,6.8,8.1,8.5,8.3,7.3,2.9,4.9,NA,6.3,3.6,3.3,6,4.3,4,3.638631,5.3,2.9,9.4,9.6,11.5,4.7,8.1,6,9.1,5.3,4.7
2007-08-01,4.298632,5.3,7,6.9,6,7.29661,11.12558,NA,5,4,4.1,6.8,8,8.4,8.3,7.3,3.2,4.9,NA,6.2,3.7,3.3,5.9,4.2,4.1,3.654036,5.2,2.7,9.3,9.6,11.5,4.6,8.3,6.2,9.2,5.3,4.6
2007-09-01,4.212602,4.9,6.9,6.7,6,7.532376,11.34649,NA,5.1,4.1,4,7.1,7.9,8.4,8.4,7.5,2.2,4.9,NA,6.2,3.9,3.2,5.7,4.2,4,3.603498,5.2,2.4,9.2,9.4,11.3,4.5,8.3,6.3,9.3,5.2,4.7
2007-10-01,4.325446,5,7,6.4,6,7.552195,11.48051,NA,5,3.7,4,6.6,7.7,8.3,8.3,7.6,2.7,5.1,NA,6.3,4,3.3,5.3,4.1,4.1,3.769736,5.1,2.8,8.9,9.4,10.9,4.6,8.4,6.4,9.5,5.2,4.7
2007-11-01,4.426081,4.9,7.1,6.1,6.1,7.853206,10.70023,NA,4.8,3.7,4,6.7,7.5,8.2,7.9,7.9,1.8,5.3,NA,6.3,3.8,3.3,5.3,4,4.2,3.656352,5.1,2.6,8.7,9.3,10.6,4.7,8.6,6.1,9.4,5.2,4.7
2007-12-01,4.307604,4.5,7.1,6.1,6.2,7.777216,10.70635,NA,4.9,3.3,4.1,6.6,7.3,8.1,8.2,8,2.8,5.3,NA,6.7,3.7,3.2,5.6,4.1,4.2,3.79459,5,2.6,8.3,9.2,10.5,4.7,8.8,6.2,9.3,5.2,5
2008-01-01,4.221229,4.7,7.1,6.1,6.1,7.807871,10.90084,NA,4.7,3.2,4.3,6.5,7.2,8,7.6,7.8,3.3,5.3,NA,6.6,3.9,3,6.2,4.2,4.3,3.791473,5,2.8,7.8,9,10.4,4.8,9.1,6.2,9.3,5.2,5
2008-02-01,3.978118,4.6,6.9,6.1,6.1,7.664835,11.09822,NA,4.6,3.5,4.4,6.1,7.1,7.9,7.7,7.6,2.4,5.3,NA,6.7,4,2.9,6.6,4.2,4.5,3.821752,4.7,2.6,7.5,8.9,10.3,4.7,9.3,6,9.5,5.2,4.9
2008-03-01,4.056471,4.4,6.7,5.9,6.2,7.660383,11.20005,NA,4.4,3.6,4.3,6.4,7.1,7.8,8.1,7.5,2,5.5,NA,6.4,3.8,3,6.6,4.1,4.4,4.01766,4.7,2.5,7.3,9,10.2,4.6,9.5,6,9.4,5.3,5.1
2008-04-01,4.26467,4.3,6.5,5.9,6.2,7.713936,11.11968,NA,4.3,3.2,4.5,5.7,7.3,7.7,7.7,7.6,2.1,5.6,NA,6.9,3.9,3.1,6.4,4.1,4.7,3.696993,4.8,2.6,7.2,9,10.2,4.4,10,5.8,9.2,5.2,5
2008-05-01,4.265799,4.1,6.5,5.9,6.2,7.988354,10.69466,NA,4.2,3.5,3.9,6.4,7.3,7.6,7.5,7.7,2.4,5.9,NA,6.8,4,3.2,6.4,4.3,4.8,3.528575,4.8,2.7,7.2,9.1,10.2,4.4,10.4,6,9.2,5.4,5.4
2008-06-01,4.243038,3.9,6.9,5.7,6.1,7.884253,11.51936,NA,4.6,3.7,4.2,6.4,7.4,7.4,7.8,7.6,2.6,6.4,NA,6.9,4,3.1,6.5,4.8,4.9,3.696091,4.8,3,7,9.3,9.9,4.3,10.8,6.8,9.6,5.5,5.6
2008-07-01,4.249388,4.3,7.5,5.6,6.2,7.688407,11.67284,NA,4.2,3.7,5.2,6.1,7.5,7.3,7.5,7.6,4.2,6.9,NA,6.6,3.9,3.1,7,5.6,4.9,3.817459,4.7,3,6.9,9.2,9.4,4.3,11.1,6.4,9.9,5.7,5.8
2008-08-01,4.015025,4.4,7.6,5.5,6.2,7.394709,11.68107,NA,4.2,3.8,6.3,6.4,7.5,7.1,7.8,7.8,2.7,7.4,NA,6.8,4.1,3.3,7.6,6.4,5.1,3.882565,4.7,2.8,6.8,9.4,9,4.3,11.5,6.1,9.8,5.9,6.1
2008-09-01,4.288448,4.3,7.4,5.3,6.3,7.39119,11.51403,NA,4.4,3.8,6.8,6.7,7.5,7,8,7.9,3.7,7.8,NA,6.8,4,3.2,8.5,7.1,5.2,3.961183,4.8,3.2,6.7,9.4,8.8,4.2,12,6.6,10.2,6,6.1
2008-10-01,4.28931,4.4,6.9,5.1,6.4,7.761085,11.43294,NA,4.1,3.6,6.9,6.3,7.6,7,7.7,8,3.2,8.1,NA,6.9,3.8,3.3,9.5,7.7,5.2,3.993906,4.7,3.2,6.6,9.3,8.7,4.2,12.9,6.5,10.6,6.2,6.5
2008-11-01,4.462172,4.8,6.7,5,6.7,8.138739,12.22584,NA,4.4,4.6,7.6,6.7,7.8,7,8,8.2,6.5,8.5,NA,7.1,4,3.4,10.6,8.3,5.2,4.662645,4.7,3.1,6.8,9.3,8.9,4.3,13.8,7.2,11.5,6.4,6.8
2008-12-01,4.569278,5,6.9,5.3,7,8.617348,11.59243,NA,4.8,4.2,9.3,6.7,8,7,8.6,8.4,5.7,9,NA,6.9,4.4,3.4,11.5,9,5.2,4.824343,4.8,3.5,7,9.8,9.1,4.3,14.8,7,12,6.5,7.3
2009-01-01,4.907057,5,7.8,6.9,7.5,9.06631,11.88392,NA,5.3,5.4,10.3,7,8.3,7.1,9,8.8,5.5,10.1,NA,7.2,4.3,3.3,12.7,9.8,5.4,4.781497,4.8,3.2,7.4,10,9.9,4.8,15.9,7,12.6,6.7,7.8
2009-02-01,5.301001,5,7.9,7,8.1,9.352401,11.59485,NA,5.6,5,11.1,7.5,8.6,7.1,9.1,8.9,9,10.9,NA,7.4,4.6,3.3,13.9,10.7,5.4,5.211376,4.9,3.3,7.5,10.3,10.3,5,16.8,7.9,13,7.1,8.3
2009-03-01,5.710476,5.4,7.9,7.1,8.3,9.866876,12.01182,NA,5.9,5.4,12,7.7,8.9,7.2,9.1,9.3,7.9,11.6,NA,7.6,4.8,3.5,14.9,11.6,5.4,5.088918,5,3.2,7.7,10.6,10.8,5.2,17.5,8,13.7,7.3,8.7
2009-04-01,5.511997,5.7,7.9,7.2,8.4,9.963898,12.06751,NA,6.3,6.2,12.6,8.2,9.1,7.3,9.4,9.4,7.9,12.2,NA,7.4,5,3.7,16,12.6,5.3,5.422122,5.2,3.5,7.8,10.8,11.2,5.4,17.8,8,14,7.6,9
2009-05-01,5.811404,5.6,7.9,7.4,8.6,10.2582,11.59392,NA,6.6,6,13,8.7,9.2,7.3,9.3,9.3,8,12.7,NA,7.5,5.1,3.9,17,13.4,5.3,5.679286,5.2,3.5,7.9,11,11.6,5.6,17.9,9.1,13.8,7.8,9.4
2009-06-01,5.86113,5.9,8,7.7,8.8,10.18892,11.7318,NA,6.6,7.4,13.2,8.7,9.1,7.4,9.3,9.6,9.6,12.9,NA,7.8,5.2,3.9,17.9,14,5.3,5.383755,5.3,3.6,8.1,11.3,12,5.9,17.9,8.6,13.4,7.9,9.5
2009-07-01,5.6712,6.1,8,8.1,8.8,10.15022,12.26052,NA,7.1,5.8,14.1,8.5,9.1,7.4,9.9,9.8,7.2,13,NA,8,5.5,3.8,18.8,14.4,5.1,5.721899,5.5,3.3,8.3,11.5,12.3,6.2,18,8.6,13.1,7.9,9.5
2009-08-01,5.714385,5.7,8,8.4,8.8,9.7809,12.20127,NA,7.4,7.1,14.4,8.8,9.2,7.4,9.9,9.9,7.9,13.2,NA,8,5.4,3.8,19.4,14.9,5.1,5.85975,5.6,3.6,8.4,11.8,12.6,6.3,18.2,9,13.2,7.8,9.6
2009-09-01,5.660977,6.4,8,8.6,8.5,9.561071,12.96162,NA,7.4,7.2,14.1,8.4,9.3,7.3,10,10.3,8.9,13.7,NA,8.3,5.4,3.7,19.8,15.4,5,5.986007,5.7,3.4,8.4,11.9,13.1,6.4,18.4,9,12.9,7.9,9.8
2009-10-01,5.622656,5.9,8,8.7,8.5,9.432229,13.12551,NA,7.4,7,15,9.2,9.5,7.2,10.4,10.1,7.3,13.8,NA,8.3,5.2,3.6,20.2,15.9,5,5.81389,5.8,3.4,8.4,11.9,13.4,6.4,18.6,8.9,12.5,7.8,10
2009-11-01,5.557832,6,8.1,9,8.6,9.36058,12.75099,NA,7.4,7.3,15.4,9.5,9.6,7.1,11,10.5,9,13.9,NA,8.4,5.2,3.7,20.5,16.3,4.9,5.495933,5.9,3.9,8.7,11.8,13.8,6.4,18.7,8.9,12.2,7.8,9.9
2009-12-01,5.490349,5.4,8.4,9.5,8.6,9.306054,12.1513,NA,7.4,7.5,16.9,8.5,9.5,7.1,10.5,10.5,8.7,13.8,NA,8.5,5.2,3.6,20.6,16.6,4.8,5.346251,6.1,3.6,9.1,11.9,14.2,6.4,18.9,9.2,12,7.7,9.9
2010-01-01,5.265012,5.3,8.7,10.2,8.4,9.041147,12.27509,NA,7.8,7.5,18.2,9.5,9.5,7,11.2,10.6,7.9,13.8,NA,8.5,5,4.6,20.8,16.7,4.6,5.607945,6.2,3.8,10.3,11.8,15,6.5,19.1,9.3,12.2,7.9,9.8
2010-02-01,5.296288,5.3,8.6,10.6,8.4,9.336042,11.51073,NA,7.9,7.7,19.2,8.9,9.4,7,11.7,10.8,8.6,13.7,NA,8.6,5,4,20.6,17.5,4.7,5.396753,6.2,3.9,10.3,12.1,15.1,6.7,19.2,9.1,12,8,9.8
2010-03-01,5.421877,5.5,8.6,10.8,8.3,8.861494,11.8036,NA,7.6,7.8,19.4,8.5,9.3,6.9,11.5,10.9,8.1,13.9,NA,8.6,5.1,3.7,20.5,17.8,4.6,5.1731,6.2,4.5,10.3,12.2,15,7,19.5,9,12,8,9.9
2010-04-01,5.497578,5.5,8.5,10.9,8.2,8.811482,12.3354,NA,7.4,7.7,18.9,8.6,9.3,6.8,12.3,10.8,8.1,14.2,NA,8.7,5.1,3.6,20.4,18.1,4.5,5.530038,6.1,3.8,10.1,12.5,14.9,7.2,19.8,9.5,11.5,7.9,9.9
2010-05-01,5.229284,5.3,8.4,11,8.1,8.293063,12.07538,NA,7.3,7.6,18.1,8.3,9.3,6.7,12.4,10.9,9,14.5,NA,8.7,5.1,3.2,20.1,18.2,4.4,5.416005,6.1,4,10,12.7,14.7,7.3,20,9,11.2,7.9,9.6
2010-06-01,5.143996,5.3,8.5,11.1,8,8.082451,12.16032,NA,7.2,8,17.1,8.7,9.2,6.5,12.7,11,8.1,14.4,NA,8.5,5.2,3.5,19.7,18.3,4.5,5.216922,6.2,4.3,9.9,12.9,14.5,7.3,20.1,8.4,10.9,7.8,9.4
2010-07-01,5.286177,5.2,8.6,11.1,8.2,7.986653,12.2789,NA,7.3,7.7,15.7,8.6,9.2,6.4,13.1,10.6,8.5,14.3,NA,8.5,5,3.8,19.2,18.3,4.4,5.334673,6.2,3.6,9.8,12.9,14.3,7.2,19.9,8.9,10.7,7.8,9.4
2010-08-01,5.032046,5.1,8.5,11.3,8.2,7.786296,11.65999,8.72608,7.1,7.6,15.3,8.5,9.2,6.4,13,10.9,6.4,14.4,NA,8.3,5.1,3.5,19.1,18.2,4.4,5.086626,6.1,3.8,9.8,12.9,14.1,7.2,20,8.6,11,7.8,9.5
2010-09-01,5.053481,5.1,8.4,11.7,8.2,7.689555,11.38101,8.261594,7,7.6,14.9,8.1,9.2,6.3,13.7,10.7,9.5,15,NA,8.4,5.1,3.8,18.9,18,4.5,5.296883,6,4,9.8,12.8,14.1,7.3,20.1,8.6,10.9,7.9,9.5
2010-10-01,5.283818,5.2,8.2,12.1,8.1,7.477624,11.69161,8.891739,7.1,8.1,14.4,8.3,9.2,6.3,14.3,10.7,7.4,15.6,NA,8.6,5.1,3.7,18.6,17.9,4.6,5.541189,6,3.8,9.8,12.6,13.9,7.6,20.1,8.5,10.7,7.9,9.4
2010-11-01,5.108449,4.7,7.9,12.4,7.8,7.802399,12.27294,9.075446,6.9,7.5,13.5,8.1,9.2,6.2,14.1,10.8,9.1,15.7,NA,8.4,5,3.3,18.2,17.6,4.8,5.505379,5.9,3.5,9.8,12.8,13.8,7.7,20.2,8.2,10.2,7.9,9.8
2010-12-01,4.876114,4.8,7.7,12.6,7.8,7.947025,12.02812,9.779629,6.9,8.2,14.1,8.6,9.2,6.1,15,10.8,9.4,15.7,NA,8.2,4.9,3.7,17.7,17.4,4.8,5.468343,5.9,4.3,9.8,12.8,13.8,8,20.4,8.2,10.1,7.9,9.3
2011-01-01,5.002188,5,7.3,12.6,7.8,7.838209,11.46681,9.652165,7,8,14.6,8.3,9.2,6,15.3,11,8,15.4,NA,8.2,4.8,3.5,17.2,17.2,4.7,5.202961,5.8,3.2,9.7,12.8,13.9,8,20.4,8.2,9.9,7.8,9.1
2011-02-01,4.970075,5.5,7.1,12.4,7.8,7.599616,11.82245,9.818251,7,7.8,14,8.2,9.2,5.9,15.6,10.9,8.4,15.1,NA,8.1,4.7,3.7,17,16.8,4.7,5.369019,5.9,3.3,9.7,12.8,13.9,8,20.5,7.9,9.6,7.8,9
2011-03-01,4.925752,5,7,12.2,7.8,7.215454,10.77313,9.668274,6.8,7.9,13.9,8.9,9.1,5.7,16.4,10.7,8,15,NA,8.1,4.7,3.8,16.9,16.5,4.7,4.966968,5.7,3.6,9.8,13.1,13.8,8.1,20.6,8.1,9.5,7.7,9
2011-04-01,4.958268,4.9,6.9,12.2,7.8,7.061891,11.10431,9.616274,6.9,7.3,13,7.6,9.1,5.6,16.5,10.7,9.7,14.9,NA,8,4.7,3.5,17.1,16,4.7,5.242916,5.8,3.6,9.9,13,13.6,8,20.6,7.8,9.5,7.8,9.1
2011-05-01,5.013258,4.9,7,12.2,7.7,6.920221,11.3277,9.900374,6.8,7.8,12.9,7.7,9.1,5.6,17.2,10.5,8.6,15,NA,8.3,4.6,3.3,17,15.8,4.8,5.439061,5.8,3.6,9.9,13.1,13.5,7.9,20.7,8,9.6,7.9,9
2011-06-01,4.91693,4.6,7.1,12.1,7.7,7.187918,11.20079,9.965204,6.8,7.3,12.8,8.3,9.1,5.5,17.2,10.5,6.2,15.2,NA,8.2,4.7,3.3,16.5,15.6,4.8,5.557349,5.7,3.7,9.9,13,13.4,7.9,21,8.1,9.5,8,9.1
2011-07-01,5.09035,4.3,7.5,12,7.4,7.138022,11.15165,10.61612,6.6,8.2,11.7,8.1,9.2,5.5,18.1,10.7,7.7,15.5,NA,8.4,4.7,3.3,15.7,15.7,5,5.253351,6,3.4,9.9,13,13.3,8,21.4,7.9,9.2,8.2,9
2011-08-01,5.270192,4.4,7.7,12.1,7.4,7.329018,10.64433,10.9166,6.5,7.6,10.8,7.6,9.2,5.4,19.2,10.6,6.5,15.6,NA,8.6,4.5,3.2,15.4,15.4,5.1,5.411876,6,3.8,10,13.5,13.3,7.9,21.7,7.9,8.8,8.3,9
2011-09-01,5.22084,4.4,7.6,12.1,7.4,7.32829,10.37448,10.9794,6.6,7,10.8,7.9,9.2,5.4,19,10.6,7.3,15.7,NA,9,4.2,3.3,15.3,14.8,5,5.302018,6.2,3.4,10.1,13.9,13.4,8.3,22.1,7.7,8.4,8.4,9
2011-10-01,5.186841,5.2,7.3,12.2,7.5,7.583303,10.44445,10.37323,6.5,8.2,11.4,7.8,9.3,5.3,20.5,10.6,8.1,15.6,NA,8.9,4.4,3.2,15.4,14,4.8,4.879445,6.4,3.9,10.2,14.2,13.6,8.6,22.4,8,8.5,8.5,8.8
2011-11-01,5.230556,5.3,7.2,12.5,7.6,7.354894,10.65572,10.53033,6.5,8.1,11.2,7.2,9.4,5.2,20.7,10.4,6.3,15.8,NA,9.5,4.5,3.3,15.4,13.5,4.8,5.161626,6.6,3.6,10.2,14.6,13.8,8.8,22.7,7.9,8.4,8.4,8.6
2011-12-01,5.195836,5.1,7.1,12.9,7.5,7.296226,10.75735,10.6094,6.6,7.9,10.8,8,9.4,5.2,21.4,10.7,7.2,16.2,NA,9.7,4.5,3.2,15.4,13.5,4.9,5.026433,6.5,3.5,10.2,15.1,13.9,8.7,22.9,8,8.5,8.4,8.5
2012-01-01,5.04654,4.6,7.2,13.1,7.7,6.854182,10.5058,10.707,6.6,7.5,11,7.9,9.4,5.1,21.6,10.8,7.1,15.6,6.859269,9.7,4.5,3.2,15.5,13.9,4.9,4.72493,6.6,3.8,10.2,15,13.9,8.3,23.3,8.1,8.4,8.3,8.3
2012-02-01,5.19005,5.1,7.3,13.2,7.6,6.812012,10.76767,10.57629,7.1,8.1,11.1,7.4,9.5,5.1,22.4,10.8,7.6,16.1,6.952897,10.2,4.5,3.4,15.8,14.1,4.9,5.300936,6.5,3.7,10.2,15.4,13.9,8.1,23.6,8,8.6,8.2,8.3
2012-03-01,5.182432,4.9,7.3,13.2,7.3,6.75368,10.24165,10.22572,6.9,7.6,11.1,7.9,9.5,5.1,23,10.8,8,16.1,7.249333,10.7,4.5,3.3,16.1,14,5,5.023183,6.5,2.8,10.2,15.8,13.8,7.9,23.9,7.7,8.6,8.2,8.2
2012-04-01,4.993206,5,7.3,13.2,7.4,6.711264,10.80339,10.04365,6.9,8.4,10,7.6,9.6,5.1,23.6,10.7,7,15.7,7.031485,10.7,4.5,3.3,16.5,13.7,5,4.95772,6.8,3.4,10.2,16.2,14,8.1,24.2,7.7,8.5,8.1,8.2
2012-05-01,5.200591,5.1,7.4,13.2,7.5,6.515157,10.72321,10.28206,6.8,8.5,10,7.7,9.7,5.1,24,10.6,6.6,15.5,7.046596,10.6,4.4,3.1,16.3,13.5,5.1,4.9939,6.7,3.6,10.3,16.2,13.8,8.4,24.6,8.4,8.3,8,8.2
2012-06-01,5.163001,5.5,7.4,13.3,7.4,6.358281,10.36961,10.31146,6.8,7.8,10,7.7,9.7,5.1,25.4,10.5,6.6,15.4,6.661761,10.9,4.3,3.2,15.5,13.3,5.1,4.909403,6.7,3.3,10.4,16.3,13.7,8.7,24.8,8,8,8,8.2
2012-07-01,5.17943,5.4,7.4,13.4,7.3,6.240702,10.56602,10.53512,6.9,7.5,9.8,7.8,9.7,5.1,25.3,10.5,7,15.5,6.412058,11.1,4.3,3.1,14.3,13.1,5,4.703052,6.8,3.4,10.5,16.5,13.8,9.3,25,8.2,8.1,7.9,8.2
2012-08-01,5.156985,5.5,7.6,13.3,7.4,6.345937,10.15092,9.975484,7.2,8.1,9.5,8.4,9.7,5,25.8,10.4,6.6,15.5,6.788172,11,4.2,3.2,13.8,13.1,5,5.00928,6.8,3.4,10.6,17,13.8,9.4,25.2,8.3,8.2,7.9,8.1
2012-09-01,5.487326,5.5,7.8,13.2,7.4,6.609006,10.52068,9.656046,6.9,7.7,8.8,8,9.8,5,26.6,10.5,6.3,15.4,6.814646,11.2,4.2,3.2,13.9,13.1,5.1,4.667686,6.9,3.3,10.6,17.1,13.7,9.5,25.5,8.3,8.4,7.9,7.8
2012-10-01,5.409597,5.3,8.2,13.3,7.4,6.582797,10.18035,9.51335,7.2,7.6,8.9,7.7,10.1,5,26.1,10.4,5.3,15.2,6.952678,11.6,4.1,3.1,14.4,13.1,5.2,4.913134,7,3.9,10.5,17.6,14,9.5,25.7,8.2,8.4,7.8,7.8
2012-11-01,5.256305,5.4,8.4,13.5,7.3,6.709229,10.59889,9.879445,7.5,7.3,9,8.2,10.2,5,27,10.4,5.5,15,6.824362,11.6,4.1,3.2,14.4,13.1,5.3,5.289874,7.2,3.6,10.6,17.8,14.2,9.4,25.9,8.6,8.6,7.8,7.7
2012-12-01,5.431239,5.5,8.5,13.6,7.2,6.49496,10.57781,10.05461,7.1,7.4,9.5,7.7,10.3,5,26.8,10.5,6.9,14.8,6.87028,11.6,4.3,3.1,13.9,12.8,5.4,4.952938,7.4,3.8,10.6,18.1,14.3,9.8,26,8.3,8.8,7.8,7.9
2013-01-01,5.388182,5.9,8.5,13.9,7.1,6.645595,10.0849,9.936852,6.9,7.9,10,8.6,10.4,5.1,27.4,10.8,6.1,14.7,6.722049,12.1,4.2,3.1,13.1,12.4,5.5,5.203658,7.5,3.7,10.8,18.3,14.4,10.2,26.2,8.1,8.8,8,8
2013-02-01,5.392612,5.6,8.5,14.1,7,6.435956,10.64639,9.734196,7.4,7.2,9.7,8.5,10.4,5.1,27.3,10.6,5.2,14.6,6.786875,12,4.3,3.2,12.6,12,5.6,4.864199,7.7,4,10.9,18.1,14.4,10.5,26.4,8.2,8.8,7.9,7.7
2013-03-01,5.639585,6,8.5,14.1,7.3,6.532543,10.04939,9.694764,7.3,7.5,9.1,8.2,10.4,5,27.6,10.2,7.6,14.3,6.654918,12,4.1,3,12,11.8,5.7,4.914761,7.9,3.9,11,18.1,14.3,10.8,26.3,8.5,9,7.8,7.5
2013-04-01,5.58699,5.5,8.6,14.1,7.2,6.322749,10.13514,10.15001,6.9,8.3,8.1,8.2,10.5,5,27.9,9.8,5.9,14.5,6.725287,12.3,4.1,3,11.5,11.9,5.7,5.148616,8,4,11,17.8,14.3,10.8,26.3,8.4,9.1,7.8,7.6
2013-05-01,5.610153,5.4,8.5,13.8,7,6.01365,9.535137,10.51789,7.2,6.6,8,8.6,10.4,5,27.9,9.7,5,14.5,6.62114,12.4,4.1,3,11.3,11.7,5.8,5.07259,8.1,4,10.9,17.8,14.3,10.6,26.2,8,9,7.8,7.5
2013-06-01,5.695899,5.5,8.5,13.7,7.2,5.598462,9.618552,10.16576,6.8,7.5,7.8,7.4,10.4,4.9,27.9,9.5,7.9,14.1,6.21488,12.4,3.9,3.1,11.3,11.6,5.9,5.075951,8.3,3.8,10.7,17.4,14.3,10.2,26.1,8.2,8.9,7.7,7.5
2013-07-01,5.632587,5.7,8.5,13.7,7.3,5.581085,9.61466,9.541961,6.6,7.5,7.7,7.8,10.3,4.9,28.2,9.5,4.9,13.6,6.100423,12.2,3.8,3.2,11.8,11.7,5.9,4.814363,8.5,3.6,10.6,17.4,14.1,9.8,26.1,8.1,9.1,7.7,7.3
2013-08-01,5.843633,5.5,8.5,13.6,7.2,5.650887,9.791777,8.94811,7.1,7.1,7.9,8.2,10.1,4.9,27.8,9.4,5.3,13.3,5.783854,12.6,4.1,3.2,12.1,11.8,5.9,4.834756,8.5,4.3,10.5,16.7,14,9.7,26.1,8.2,9.2,7.6,7.2
2013-09-01,5.704916,6,8.6,13.7,7.1,5.879236,9.483839,8.97858,7,7.5,8.1,8.4,10.3,4.9,28.2,9.2,6.8,13.1,5.780882,12.6,3.9,3,12.1,11.7,6,4.948508,8.5,3.9,10.4,16.4,14,9.6,26.1,8.3,9.3,7.4,7.2
2013-10-01,5.822971,5.7,8.6,14.1,7.2,6.069245,9.001657,9.05989,6.6,6.8,8.5,8.1,10.1,4.8,27.8,9.1,5.6,12.9,5.661698,12.6,4,3.1,11.7,11.7,6,4.888004,8.5,3.7,10.2,16.2,14,9.6,26,8,9.1,7.2,7.2
2013-11-01,5.796102,6,8.6,14.1,7.1,6.223801,9.681299,8.328286,7,7.6,8.7,8.9,10.2,4.8,27.9,8.6,5.3,12.8,5.625041,12.5,3.9,3.1,11.5,11.7,6,4.636677,8.4,4,10.2,16,14,9.7,25.9,8.2,9.2,7.2,6.9
2013-12-01,5.899117,5.9,8.7,14.1,7.4,6.599642,9.175611,8.896016,6.7,6.9,8.5,8.5,10.2,4.9,27.7,8.2,5.2,12.8,5.788583,12.7,3.7,3.2,11.4,11.6,6,4.749678,8.5,4.4,10.2,15.7,13.9,9.9,25.5,8.2,9.1,7.2,6.7
2014-01-01,5.944202,6.2,8.8,13.7,7.2,6.45548,9.360314,9.546936,6.5,7.5,8.8,8.4,10.2,4.8,27.2,8,6.6,12.9,5.77619,13,3.7,3.2,11.5,11.6,6,4.883087,8.6,4.1,10.3,15.5,13.8,10.2,25.5,8.3,9.2,6.9,6.6
2014-02-01,5.875463,5.9,8.7,13.3,7.2,6.511769,9.760671,9.812351,6.5,6.9,8.3,8.8,10.2,4.8,27.5,7.8,4.6,12.9,5.871607,12.9,3.6,3.6,11.5,11.3,5.9,4.695415,8.7,3.2,10.3,15.5,13.8,10.3,25.3,8.2,9.5,6.8,6.7
2014-03-01,5.874076,6.2,8.7,12.9,7.1,6.165049,9.461225,9.231464,6.6,6.7,8,8.9,10.2,4.8,27,7.7,6.6,12.7,5.740973,12.7,3.7,3.4,11.3,11,6,5.230977,8.7,3.8,10.1,15.3,13.7,10.1,25.1,8.3,9.5,6.6,6.7
2014-04-01,5.802207,5.5,8.6,12.4,7.1,6.124557,8.954726,8.781847,6.3,6.7,7.6,8.3,10.1,4.8,27.1,7.5,5.3,12.4,5.796431,12.7,3.6,3.6,10.9,11,5.9,4.948067,8.6,3.6,9.8,15.2,13.5,9.6,24.8,8.3,9.7,6.5,6.2
2014-05-01,5.930646,5.9,8.5,12.2,7.3,6.26055,8.734509,9.073573,6.2,6.8,7,8.7,10.1,4.7,27.3,7.8,5,12.2,6.000329,12.7,3.6,3.5,10.6,11.2,6,5.048665,8.5,3.4,9.5,14.9,13.4,9.5,24.6,7.8,9.7,6.3,6.3
2014-06-01,6.049574,6.2,8.5,12.1,7.1,6.272321,9.472591,9.486717,6.1,7,6.9,8.9,10.2,4.7,26.6,7.8,6.1,12,6.015059,12.3,3.7,3.5,10.4,11,6,4.872955,8.3,3.5,9.2,14.9,13.2,9.4,24.3,8.3,9.7,6.2,6.1
2014-07-01,6.181221,6.1,8.6,12.3,7.1,6.515687,9.08408,9.704686,5.8,6.5,7.1,8,10.2,4.7,26.3,7.4,5.1,11.9,6.07478,12.9,3.7,3.5,10.7,10.4,6,5.149954,8.2,4.1,8.9,14.7,13,9.4,24.3,8,9.9,6,6.2
2014-08-01,6.106162,6,8.6,12.3,7,6.528713,9.210445,9.948375,6.2,7.1,7.5,8.5,10.2,4.7,26.5,7.3,5.8,11.7,6.161293,12.5,3.5,3.6,10.9,10.3,6,4.840708,8.1,3.6,8.7,14.1,12.9,9.5,24.1,8.2,10.2,6,6.1
2014-09-01,6.23683,6.1,8.7,12.4,7,6.491886,8.834352,9.997245,5.8,7.2,7.2,9.2,10.4,4.7,26.3,7,5.5,11.4,5.988214,12.9,3.5,3.5,10.9,10,6.1,4.774421,8,4.1,8.5,13.9,12.6,9.6,24,7.9,10.1,6,5.9
2014-10-01,6.358211,6,8.7,12.1,6.8,6.441072,8.875187,9.716272,5.6,6.8,6.6,9.2,10.4,4.7,26.1,7.1,5.8,11.1,5.62947,13,3.6,3.6,10.7,10.3,6.1,4.634306,8.1,4,8.5,14,12.5,9.6,24,8.2,10.4,5.9,5.7
2014-11-01,6.296422,6.2,8.7,11.7,6.8,6.681882,9.041503,9.65035,6.1,6.7,6.3,9,10.5,4.6,25.8,7.2,4,10.8,5.780949,13.2,3.4,3.5,10.5,10.5,6.2,4.690875,8.1,4,8.4,13.9,12.5,9.6,23.8,8.1,10.5,5.7,5.8
2014-12-01,6.10275,6.1,8.7,11.3,6.7,6.596698,9.548575,10.01931,5.8,7.1,6.5,9.4,10.5,4.6,26,7.1,5.2,10.8,5.646701,12.4,3.4,3.6,10.1,10.2,6.2,4.178231,8.2,3.9,8.4,14,12.4,9.6,23.6,7.7,10.3,5.7,5.6
2015-01-01,6.348188,5.9,8.8,11,6.8,6.482049,8.955769,10.30819,5.8,6,6.8,8.7,10.4,4.5,25.6,7.1,4.9,10.7,5.605496,12.4,3.6,3.5,9.8,9.6,6.3,4.336204,8.3,4.3,8.4,14.1,12.3,9.3,23.4,8,10.5,5.6,5.7
2015-02-01,6.152752,6,8.9,10.9,6.9,6.230434,8.945963,10.13994,5.8,6.5,6.6,9.8,10.3,4.5,25.5,7.1,5.2,10.6,5.279424,12.4,3.5,3.6,9.8,9.3,6.4,4.373711,8.1,4.7,8.3,13.9,12.1,9.2,23.2,8.1,10.7,5.6,5.5
2015-03-01,6.1021,6,8.9,11,6.8,6.362842,8.686463,9.789497,5.7,6.6,6.8,9.5,10.4,4.5,26.1,7,5,10.5,5.359776,12.6,3.4,3.5,9.9,9,6.4,4.241212,8.1,4.5,8.1,13.6,12,9.2,22.9,7.7,10.5,5.5,5.4
2015-04-01,6.109776,6.3,8.8,10.9,6.9,6.528024,9.297887,9.674135,5.3,6.5,7,9.5,10.4,4.4,25.3,6.9,5.1,10.3,4.962459,12.2,3.4,3.6,9.6,9.3,6.4,4.415171,8.1,4.6,7.9,13.2,11.7,9.4,22.7,8,10.5,5.7,5.4
2015-05-01,5.93177,6.4,8.7,10.8,6.8,6.420919,8.817711,9.471399,5,6.1,6.7,9.3,10.5,4.4,24.7,6.7,4.8,10,5.059019,12.3,3.3,3.7,9.7,9.2,6.6,4.522554,8,4.4,7.7,12.8,11.5,9.5,22.4,7.8,10.2,5.6,5.6
2015-06-01,6.009126,6.1,8.5,10.5,6.9,6.377544,8.505869,9.115499,5,6.4,6.2,9.8,10.4,4.4,25.2,6.5,4,9.9,5.363733,12.3,3.4,3.8,9.8,9.3,6.5,4.436508,7.9,4.8,7.6,12.7,11.5,9.3,22.2,7.7,10.2,5.6,5.3
2015-07-01,6.285071,6.1,8.2,10.1,6.9,6.274573,8.594634,9.058808,5,6.6,5.6,9.5,10.3,4.3,25.1,6.5,5,9.6,5.460935,11.7,3.3,3.7,9.9,9.2,6.5,4.439916,7.7,5.2,7.5,12.7,11.4,9,21.9,7.3,10.1,5.4,5.2
2015-08-01,6.090476,6,8.2,9.8,7,6.333848,9.285272,9.25509,4.8,6.1,5.5,9.5,10.3,4.3,24.2,6.2,4.3,9.5,5.079132,11.7,3.4,3.7,10,9.2,6.5,4.380496,7.7,4.2,7.5,12.7,11.3,8.8,21.6,7.1,10.1,5.4,5.1
2015-09-01,6.174083,6.1,8.4,9.4,7.1,6.386408,9.276027,9.669052,4.8,6,5.9,9.3,10.3,4.3,24.9,6.2,4.9,9.6,5.074915,11.6,3.4,3.5,10,9.1,6.5,4.193667,7.8,4.8,7.4,12.8,11.2,8.6,21.4,7.5,10.2,5.2,5
2015-10-01,5.914893,6,8.8,9.1,7,6.407688,9.20138,9.726151,4.6,6.2,6.2,9.6,10.3,4.3,24.9,6,4.4,9.6,5.206902,11.7,3.2,3.5,10,9.1,6.5,4.44301,7.9,5,7.3,12.8,11.1,8.5,21.3,7.4,10.2,5.1,5
2015-11-01,5.849951,6.6,8.9,9,7.1,6.327739,8.461198,9.586774,4.5,5.9,6.6,9.2,10.3,4.2,24.2,6,4.9,9.6,5.229915,11.5,3.3,3.6,10.1,8.8,6.5,4.098743,7.7,4.5,7.2,12.6,10.9,8.5,20.9,7.1,10.2,5.1,5.1
2015-12-01,5.7365,6.4,8.8,9,7.2,6.276727,9.265323,9.512294,4.6,6.3,6.6,9.7,10.2,4.2,24,5.7,2.2,9.2,5.241844,11.7,3.3,3.5,10,8.6,6.5,4.359622,7.6,5.2,7,12.5,10.7,8.5,20.8,7.4,10.4,5.1,5
2016-01-01,6.036926,6.6,8.4,9,7.3,6.300709,9.737667,9.608893,4.3,5.7,6.6,9.1,10.3,4.2,24.7,5.7,3,9.1,5.085172,11.6,3.2,3.4,10,8.1,6.4,4.085539,7.4,5,6.8,12.3,10.4,8.4,20.6,7.2,10.2,5.2,4.8
2016-02-01,5.692556,6.4,8.2,9.1,7.3,6.49074,9.051113,9.498528,4.2,6.1,6.6,9.2,10.4,4.1,23.9,5.5,3.6,8.9,5.326843,11.7,3.3,3.9,9.9,8,6.4,4.191851,7.5,5.6,6.7,12.5,10.3,8.3,20.4,7.3,10.1,5.1,4.9
2016-03-01,5.65165,6.3,8.2,9.1,7.2,6.623391,9.927071,9.479119,4,6.1,6.9,9.4,10.2,4.1,24.1,5.4,4.2,8.8,5.252912,11.6,3.2,3.8,9.7,8.1,6.4,4.105788,7.4,4.8,6.6,12.3,10.1,8.3,20.3,7.5,10.2,5.1,5
2016-04-01,5.642404,6.2,8.2,9,7.3,6.810495,8.836273,9.591838,3.9,6,6.7,8.9,10.1,4,24.1,5.2,4.4,8.9,5.056581,11.8,3.2,3.6,9.5,7.9,6.3,3.909978,7.4,5,6.4,11.9,10,8.1,20.3,6.9,10.1,5,5.1
2016-05-01,5.721905,6.8,8.2,8.9,7,6.754282,8.747486,9.387908,4,6.3,6.5,8.6,10,4,24,5,2.6,8.8,4.703128,11.6,3.2,3.6,9.5,8.3,6.2,4.097843,7.2,5.1,6.4,11.6,9.9,8,20.1,7.4,10.3,5,4.8
2016-06-01,5.697177,6.8,8.1,8.8,6.9,6.913319,9.155434,9.28667,4.2,5.9,6.9,9.3,10,4,23.8,4.8,2.9,8.7,4.666355,11.7,3.1,3.5,9.5,8.1,6.2,3.955806,7.1,4.7,6.4,11.4,9.7,7.8,19.9,6.9,10.7,4.9,4.9
2016-07-01,5.706933,6.5,7.9,8.6,6.9,6.77246,9.488171,9.141383,4.1,6.5,7,9,9.8,3.9,23.8,4.8,3.1,8.5,4.696964,11.6,3,3.6,9.7,8.1,6.2,3.779452,7,4.9,6.3,11.2,9.6,7.5,19.5,7,11.1,5,4.8
2016-08-01,5.621182,6.9,7.7,8.5,6.9,6.816337,9.16979,9.692161,3.7,5.8,7.6,8.4,9.9,3.9,23.9,4.7,3.5,8.3,4.683204,11.7,3.1,4,9.8,7.9,6.3,3.743989,6.8,5.1,6.3,11.2,9.5,7.4,19.3,7.3,11.1,4.9,4.9
2016-09-01,5.6675,6.5,7.5,8.3,7,6.633296,8.999014,9.347836,4,5.7,7.1,8.4,9.9,3.8,23.5,4.6,3.8,7.9,4.857376,11.9,3,3.9,9.8,7.7,6.4,3.857926,6.7,4.8,6.1,11.2,9.3,7.6,19.1,6.9,11.6,4.9,5
2016-10-01,5.603167,6.3,7.2,8.1,6.9,6.649539,9.309521,9.566861,3.8,6.3,7.1,9,10.1,3.8,23.5,4.5,3,7.7,4.712965,11.7,3,3.8,9.6,7.6,6.3,3.56979,6.6,4.8,5.9,10.9,9.2,8.1,18.9,7.1,11.5,4.9,4.9
2016-11-01,5.767694,6.2,7.2,7.8,6.8,6.676475,8.679048,9.579831,3.6,5.8,6.6,9.4,10.1,3.7,23.6,4.3,3.1,7.5,4.490906,12,3,3.6,9.4,7.6,6.3,3.632293,6.6,4.9,5.7,10.7,9,8.2,18.8,7,11.6,4.8,4.7
2016-12-01,5.829663,6,7.3,7.7,6.9,6.750862,9.524777,9.47972,3.6,5.6,6.3,8.5,10,3.7,23.6,4.3,3.3,7.5,4.27778,11.8,3,3.4,9.3,7.6,6.3,3.693221,6.4,4.2,5.5,10.4,8.9,8.1,18.5,7.1,12.1,4.8,4.7
2017-01-01,5.678364,6.2,7.6,7.5,6.8,7.043373,9.492901,9.42283,3.4,6.1,6.1,8.9,9.7,3.7,23.1,4.2,4.3,7.4,4.425979,11.7,3,3.4,9.2,7.8,6,3.45814,6.4,4.1,5.3,10.3,8.6,7.7,18.4,7,12,4.7,4.7
2017-02-01,5.889674,6,7.8,7.4,6.6,7.023885,9.454615,9.138632,3.3,6.3,5.7,9.1,9.6,3.7,22.9,4.2,3.5,7.3,4.314239,11.5,2.9,4,9,7.8,5.9,3.418601,6.3,4.5,5.2,10.1,8.5,7.3,18.2,7.1,11.9,4.6,4.6
2017-03-01,5.845551,6.2,7.7,7.3,6.7,7.082398,9.359021,9.0583,3.3,5.9,5.8,8.9,9.6,3.7,22.5,4.2,2.4,7.1,4.40679,11.5,2.8,3.7,8.8,7.6,5.8,3.513795,6.2,4.7,5.1,10,8.4,6.9,18,6.6,11.9,4.6,4.4
2017-04-01,5.603538,5.8,7.4,7.2,6.5,7.089579,8.54943,8.515122,3.3,5.9,6.1,9.3,9.5,3.6,22.1,4.3,2.8,6.8,4.360716,11.2,2.8,3.8,8.8,7.5,5.6,3.554358,6.1,4.6,5.2,9.7,8.4,6.7,17.6,7,11.6,4.5,4.4
2017-05-01,5.548167,6,7.2,7.1,6.6,7.042354,9.211258,8.509058,2.9,5.9,6.6,8.8,9.6,3.6,22.4,4.1,3.8,6.6,4.500247,11.4,3,3.5,8.9,7.2,5.5,3.600404,6.1,4.7,5.2,9.5,8.3,6.6,17.4,6.9,11.1,4.5,4.4
2017-06-01,5.625496,5.8,7.1,7.2,6.5,6.862931,8.851048,8.652787,2.9,5.8,6.2,8.9,9.5,3.6,21.7,4.1,3.4,6.6,4.332695,11.2,2.8,3.7,8.9,6.9,5.5,3.278991,6,4.6,5.1,9.3,8,6.6,17.1,6.7,11,4.4,4.3
2017-07-01,5.62283,5.8,7.2,7.3,6.3,6.614648,9.183234,9.273047,2.8,5.8,5.8,8.4,9.6,3.5,21.4,4,1.6,6.7,3.91206,11.4,2.8,3.5,8.8,6.8,5.6,3.224064,5.9,4.2,4.9,9.2,7.9,6.5,16.8,7.1,10.6,4.4,4.3
2017-08-01,5.533931,5.9,7.1,7.3,6.2,6.783315,9.360514,9.363781,2.7,6,5.2,8.3,9.5,3.5,21.3,3.9,3.2,6.7,4.125478,11.4,2.8,4,8.7,6.7,5.5,3.289036,5.7,4.2,4.9,8.9,7.8,6.4,16.7,6.6,10.5,4.3,4.4
2017-09-01,5.463799,5.9,6.9,7.1,6.2,6.942937,9.640377,10.21098,2.7,6,5.5,9,9.3,3.5,21.3,3.9,3.9,6.7,3.96424,11.2,2.8,3.7,8.6,6.6,5.6,3.349431,5.7,4.3,4.8,8.7,7.8,6.3,16.7,7,10.3,4.3,4.3
2017-10-01,5.409072,5.7,6.7,6.9,6.4,6.958282,9.37138,9.627175,2.6,5.4,5.3,8.2,9.1,3.5,21.2,3.8,4.1,6.6,4.097986,11.1,2.7,3.7,8.5,6.8,5.4,3.421426,5.5,4,4.7,8.6,7.8,6,16.7,7,10.3,4.3,4.2
2017-11-01,5.452312,5.9,6.4,6.8,6.1,7.001486,9.680789,9.248268,2.4,5.5,5.6,8,9,3.4,21.3,3.8,2.2,6.4,4.17247,10.9,2.7,3.7,8.3,6.8,5.4,3.51022,5.4,4.1,4.6,8.2,7.7,5.9,16.7,6.6,10.1,4.4,4.2
2017-12-01,5.604458,5.9,6.2,6.6,6,7.218775,9.312178,9.01368,2.3,5.3,6.1,9,9,3.4,21,3.7,4.3,6.3,4.059914,10.9,2.7,3.5,8.1,6.8,5.6,3.407106,5.4,4.5,4.4,8.1,7.5,5.7,16.6,6.8,9.9,4.4,4.1
2018-01-01,5.516308,5.6,6.1,6.4,5.9,7.267547,9.603405,9.407194,2.5,5.4,6.7,8.5,9.2,3.3,20.6,3.7,4,6,3.59066,11,2.4,3.4,8,6.9,5.5,3.201158,5.2,4,4.2,8,7.2,5.6,16.4,6.8,9.8,4.3,4
2018-02-01,5.575786,5.4,6.1,6.3,6,7.334125,9.707515,10.24562,2.3,4.6,6.7,8.4,9.3,3.3,20.9,3.7,2.5,5.9,3.854009,10.8,2.5,3.8,7.8,6.8,5.6,3.176365,5.1,4,4,7.8,7,5.6,16.2,5.9,10,4.3,4.1
2018-03-01,5.530399,5.3,6.2,6.2,5.8,6.991572,9.197033,9.705409,2.2,5.6,6,8.3,9.3,3.3,20.5,3.6,2.6,5.8,3.76388,10.9,2.5,4,7.8,6.6,5.6,3.211043,5,4.2,3.9,7.7,6.8,5.5,16,6.3,10,4.3,4
2018-04-01,5.534603,5.1,6.4,6.2,5.8,7.153326,8.976918,9.282904,2.3,5.1,5.2,7.7,9.2,3.3,20.1,3.5,3.9,5.9,4.013389,11,2.5,3.8,7.8,6.2,5.5,3.441958,4.9,4.2,3.8,7.3,6.8,5.4,15.7,6.6,10.2,4.2,4
2018-05-01,5.435206,4.9,6.4,6.3,5.9,7.253268,9.220595,8.697581,2.2,5,5.1,7.3,9.2,3.2,19.8,3.4,2.3,5.9,4.0476,10.6,2.2,3.8,7.7,5.9,5.5,3.239697,4.9,3.6,3.8,7.3,6.7,5.4,15.5,6.1,10.6,4.1,3.8
2018-06-01,5.343013,5,6.2,6.3,6,7.481723,9.069339,8.79398,2.3,5.3,5.1,7,9.1,3.2,19.7,3.4,3.4,5.8,3.980875,10.7,2.4,3.6,7.5,6.1,5.5,3.328681,4.9,4.3,3.8,7,6.6,5.3,15.2,6.6,10.7,4.1,4
2018-07-01,5.321597,5.2,5.9,6.4,5.9,7.410367,9.219099,9.35933,2.2,5,5.3,7.2,9,3.2,19.4,3.6,3.9,5.7,4.135554,10.4,2.5,3.8,7.3,5.9,5.6,3.247184,4.9,4.1,3.9,7,6.4,5.2,15,6.5,10.8,4.1,3.8
2018-08-01,5.251172,5.5,5.6,6.4,6,7.260816,9.232094,10.18141,2.4,5,5.2,7.4,8.9,3.2,19.5,3.5,3.1,5.7,3.967036,10.2,2.5,4.6,7.1,6,5.7,3.203767,4.9,3.9,3.9,7.1,6.3,5,14.8,6.5,11.2,4.2,3.8
2018-09-01,5.019262,5.4,5.6,6.2,5.8,7.371359,9.702868,10.47423,2.2,4.7,5.5,7,8.8,3.2,19.3,3.5,2.1,5.7,4.121039,10.3,2.3,4.1,7,6,5.6,3.294225,4.8,4.4,3.9,6.7,6.2,4.8,14.7,6.6,11.5,4.1,3.7
2018-10-01,5.010809,5.1,5.7,6,5.7,7.586004,9.975409,11.7253,2.1,5,5.1,7.2,8.8,3.1,19.1,3.4,3.3,5.9,4.008135,10.7,2.4,4,7.1,6.1,5.5,3.148949,4.7,4,3.9,6.7,6.2,4.6,14.7,6.5,11.6,4.1,3.8
2018-11-01,5.104876,5,5.8,5.8,5.7,7.667359,9.932487,11.96284,2,5.1,4.5,7.1,8.7,3.1,19.2,3.4,4.1,5.8,4.035505,10.5,2.5,3.8,7,5.9,5.4,3.324308,4.6,3.9,3.9,6.8,6.1,4.5,14.6,6.6,12.2,4.1,3.8
2018-12-01,5.005143,5.2,5.7,5.7,5.7,7.524152,10.44882,12.41686,2.2,5.7,4.3,5.9,8.8,3.1,18.9,3.4,1.7,5.6,4.247062,10.3,2.5,3.6,6.9,5.9,5.3,3.624832,4.6,3.7,3.9,6.8,5.9,4.4,14.4,6.8,12.7,4,3.9
2019-01-01,5.039638,4.9,5.7,5.7,5.7,7.274833,10.37799,11.71238,2.1,5.1,4.4,6.6,8.8,3.1,19.3,3.4,3.2,5,4.193833,10.4,2.5,3.9,6.8,6.1,5.3,3.38025,4.6,3.9,3.8,6.7,5.8,4.6,14.3,6.3,13.6,4,4
2019-02-01,4.982993,5.2,5.6,5.7,5.8,7.195685,10.56804,11.2774,1.8,5.1,4.6,7,8.7,3,19,3.4,3.6,4.9,4.044913,10.4,2.4,3.9,6.6,6.2,5.5,3.313328,4.4,4.3,3.7,6.7,5.7,4.6,14.2,6.9,13.8,3.9,3.8
2019-03-01,5.089209,5,5.6,5.4,5.9,7.086674,10.54178,11.27143,2,5.2,4.7,6.5,8.7,3,18.5,3.3,3.5,5,3.86918,10.2,2.5,3.8,6.5,6.2,5.7,3.560634,4.4,3.6,3.5,6.6,5.7,4.5,14.2,7.4,13.9,3.9,3.8
2019-04-01,5.208421,5.1,5.6,5.1,5.7,7.011888,9.684884,11.26746,2.1,5.4,5,7.2,8.6,3,18.1,3.3,3.5,5.1,3.922489,10.3,2.4,4.1,6.4,6.1,5.6,3.559175,4.3,3.2,3.4,6.8,5.6,4.3,14.2,6.6,13.8,3.9,3.7
2019-05-01,5.196172,4.9,5.5,5,5.4,7.002676,9.995765,11.88935,2.1,4.8,5.1,6.8,8.5,2.9,17.5,3.2,4,5.2,3.66336,10,2.3,3.9,6.3,6,5.6,3.541478,4.3,3.5,3.3,6.7,5.7,4.3,14.2,6.6,13.7,4,3.6
2019-06-01,5.261286,4.6,5.4,5,5.6,7.181958,9.338167,11.51971,1.8,4.5,4.7,6.2,8.5,2.9,17.5,3.2,4.1,5.2,4.057416,9.6,2.3,3.9,6.3,6,5.7,3.541753,4.4,3.9,3.2,6.7,5.7,4.4,14.2,6.4,13.7,3.9,3.6
2019-07-01,5.314046,4.8,5.2,5.1,5.8,7.261438,10.31575,11.32015,2.1,4.6,4.2,6.5,8.4,2.9,17.8,3.2,3.8,5.1,3.676897,9.6,2.3,3.9,6.3,6.2,5.7,3.486971,4.4,3.9,3.2,6.5,5.8,4.8,14.2,7.3,13.9,4,3.7
2019-08-01,5.272176,5,5.1,5.1,5.8,7.138203,10.92595,11.36498,2.1,4.9,4,7,8.2,2.9,17.4,3.2,5.1,5.1,3.643886,9.5,2.3,3.6,6.2,6.3,5.8,3.455319,4.5,4.2,3.1,6.5,5.7,4.8,14.1,7.3,14.1,3.9,3.6
2019-09-01,5.224456,4.5,5.1,5.1,5.6,7.11133,10.85098,12.18089,2.1,5.1,4.3,6.7,8.1,2.9,17.4,3.3,4,4.9,3.547424,9.7,2.4,3.5,6,6.4,5.5,3.512705,4.5,3.6,3.1,6.6,5.8,4.7,14,6.8,14.1,3.9,3.5
2019-10-01,5.316284,4.9,5.2,5.2,5.6,7.225217,10.78001,12.5499,2.1,5,4.1,6.9,8.2,3,17.3,3.3,3.9,4.8,3.521861,9.5,2.4,3.5,5.8,6.4,5.6,3.568782,4.5,4.3,3,6.6,5.7,4.3,14,6.9,13.5,3.9,3.6
2019-11-01,5.163894,4.3,5.2,5.2,5.9,7.571308,10.59758,12.45263,2.2,5.2,4.2,6.9,8.2,3.1,17,3.3,4.3,4.8,3.978817,9.8,2.3,3.6,5.9,6.5,5.7,3.514047,4.5,4,3,6.8,5.7,4.1,13.9,7.7,13.3,3.9,3.6
2019-12-01,5.024524,4.5,5.3,5.2,5.6,7.851166,10.41491,12.35748,2,5.1,4.6,6.5,8.2,3.1,17.1,3.2,4.5,4.8,3.537773,9.8,2.2,3.5,6.5,6.9,5.7,3.168851,4.3,4.1,2.9,6.9,5.7,4,13.8,6.8,13.4,4,3.6
2020-01-01,5.237206,4.5,5.2,5.2,5.5,8.0738,10.64083,12.25983,1.9,4.7,5,6.8,8.2,3.2,16.8,3.3,3.9,4.8,3.670789,9.6,2.4,3.6,7.1,7,5.7,3.631081,4.1,4,2.9,6.9,5.9,4.1,13.8,7.4,13,4.1,3.6
2020-02-01,5.101227,4.6,5.1,5,5.7,8.174274,11.18242,12.52011,1.8,5.3,5.1,6.7,7.8,3.3,16.3,3.3,6.1,4.8,3.355218,9.5,2.4,3.4,7.3,7.4,5.8,3.589677,4,3.6,2.8,6.5,6,4.3,13.6,7.8,12.6,4.1,3.5
2020-03-01,5.193246,5,5,5.3,8.4,9.017715,12.37396,15.72594,1.9,4.8,5.4,6.8,7.5,3.4,17.4,3.4,2.8,4.9,3.463542,7.7,2.5,3.9,7.6,7.8,6.6,3.275901,4.1,3.5,2.9,6.3,5.9,4.5,14.5,6.8,13,4.2,4.4
2020-04-01,6.288867,6.1,4.9,6.8,13.6,10.93914,18.39417,20.05792,2.2,4.2,6.3,7.1,7.6,3.5,18.1,4.2,6.9,4.7,3.648754,7.4,2.6,3.9,8.3,8,7.3,4.853075,4.5,4.1,3.1,6.4,6.5,5.3,15.3,8.2,13.5,4.2,14.8
2020-05-01,6.980139,7.2,5,6.8,14.1,11.83171,19.84661,23.84478,2.5,5.3,7.1,8.6,7.1,3.6,19.4,4.5,7.8,5,4.158689,8.7,2.8,4.4,8.6,8.6,7.6,4.26688,4.6,4.9,3.2,6.1,6.6,5.4,15.5,8.5,13.6,4.2,13.2
2020-06-01,7.426228,7.7,5.4,6.4,12.4,12.4945,19.30322,24.28294,2.6,6.8,7.9,7.6,7.5,3.7,20.2,4.6,5.1,5.7,4.734493,9.6,2.8,4.2,8.7,8.9,7.5,5.513842,5.4,5,3.4,7.4,6.7,5.4,16,9.1,13.7,4.4,11
2020-07-01,7.506954,6.7,6,6.2,11,12.38885,19.11128,23.02156,3,6.4,7.6,8.2,8.6,3.8,17.3,4.4,8.1,6.8,4.839895,10.3,2.9,4.1,8.7,9.2,7.1,5.072042,5.5,5.9,3.4,8.2,7,5.1,16.3,9.6,14.1,4.7,10.2
2020-08-01,6.819945,6.3,6.4,6.2,10.2,12.01225,16.91231,21.87007,2.7,6.3,7.6,8.8,9,3.9,16.9,4.3,6.7,7.3,4.913052,10.1,3,3.7,8.6,9.2,6.7,4.940989,5.5,5.2,3.4,8.2,7.1,5.1,16.5,9.3,12.9,5,8.4
2020-09-01,6.923209,6.3,6.3,6.3,9.2,11.52646,16.23639,21.80769,2.8,6,7.9,8.1,8.9,3.9,16.9,4.3,5.5,7.3,4.486115,10.1,3,4.1,8.3,9,6.5,4.816125,5.4,5.3,3.3,8.1,7,5,16.4,9,12.6,5.2,7.8
2020-10-01,6.976831,6.1,5.8,6.4,9,11.15376,16.09601,21.28957,3.2,5.9,8,8.2,8.2,3.9,17.4,4.3,8.6,6.4,4.623065,9.9,3.1,4.2,8.1,9.6,6.3,4.595795,5.3,5.5,3.2,7.6,7,5.1,16.3,8.8,13.1,5.2,6.8
2020-11-01,6.790964,6,5.8,6.3,8.7,11.00474,15.20011,20.01026,3,5.9,7.7,8,8,3.9,17.4,4.3,8.2,6.2,4.868638,9.5,3,4.1,8,9.2,6.3,4.5135,5,5.2,3.2,7.2,7,5.3,16.2,8.6,13,5.3,6.7
2020-12-01,6.533243,6.8,6,6.3,8.9,10.78649,14.49253,19.13668,3,5.9,7.1,8.2,7.9,3.9,16.8,4.3,7.3,6.2,4.783414,9.8,3.1,4.2,7.8,8.4,6.4,4.14945,4.9,4.8,3.3,6.9,7,5.4,16.2,9.2,12.6,5.3,6.7
2021-01-01,6.265737,7.4,6.5,6.1,9.2,10.65938,14.73893,18.57343,3.3,6.1,7.4,8.3,8,3.9,16.3,4.4,7.8,6.8,4.486081,10.1,3,4.8,7.7,8,6.4,4.482143,4.7,5,3.6,7,7.1,5.5,15.9,9,12.3,5.2,6.4
2021-02-01,5.831683,7.1,6.8,6,8.5,10.33476,14.48405,18.77453,3.2,5.9,7,8.1,8.2,3.9,16.2,4.3,6.1,7.4,5.137463,10.1,2.9,4.1,7.7,7.5,6.3,4.467638,4.7,5.3,3.8,7,7.1,5.4,15.7,9.1,13.2,5.1,6.2
2021-03-01,5.660141,6.9,6.7,5.8,7.7,10.26667,14.67754,17.36244,3.3,6.4,6.6,7.7,8.2,3.9,17.2,4.2,8.5,7.7,5.471496,10.2,2.7,3.9,7.7,7.6,6.1,4.351545,4.6,4.3,3.8,6.8,7.1,5.1,15.5,9.6,12.8,5,6.1
2021-04-01,5.455474,7.2,6.4,5.6,8.2,9.792384,14.75001,17.7344,3.3,5,6.5,8.6,8.3,3.8,17,4.2,9.1,7.6,5.424103,10.2,2.9,3.8,7.8,7.8,5.9,4.814016,4.5,5.1,3.7,7.1,7,4.8,15.7,9.1,13.3,5,6.1
2021-05-01,5.094977,6.8,6.3,5.4,8.3,9.196939,14.56544,18.01056,3.1,5.1,6.8,8.2,8.1,3.7,15.5,4.1,5.7,7,5.39853,9.9,2.9,3.8,7.9,7.6,5.6,4.048452,4.4,5.6,3.6,7.2,6.9,4.5,15.7,9.1,13.3,4.8,5.8
2021-06-01,5.02899,6.3,6.2,5.3,7.9,8.527063,14.68974,17.41538,2.8,4.9,6.7,7.6,8,3.6,15,4,5.7,6.4,5.380572,9.5,2.9,3.7,7.9,7.3,5.3,4.021936,4.2,4.5,3.5,7,6.9,4.4,15.6,9.4,11.1,4.7,5.9
2021-07-01,4.778764,6,6.3,5.1,7.4,8.206604,12.71148,16.37007,2.6,4.2,6.3,7.6,7.9,3.5,14.1,4,5.1,5.8,5.028587,9.1,2.8,3.3,7.7,6.8,5.2,4.113794,4.1,4.9,3.3,6.7,6.9,4.3,15.3,8.7,11.6,4.6,5.4
2021-08-01,4.596949,5.8,6.3,5,7.1,8.175653,13.27981,15.29752,2.8,5.1,5.8,7,7.8,3.4,13.9,4,4.9,5.5,5.060776,9.1,2.8,3.2,7.3,6.7,5,4.018526,4.2,4,3.1,6.4,6.8,4.4,14.9,8.9,12,4.4,5.1
2021-09-01,4.707222,5,6.2,4.9,7,8.034388,12.66977,14.99589,2.6,4.9,5.5,7.5,7.7,3.4,13.4,3.9,3.5,5.2,5.005893,9.1,2.7,3,7.1,6.7,4.9,3.910984,4.1,3.7,3,6.4,6.7,4.5,14.4,8.9,11.3,4.3,4.7
2021-10-01,5.267834,5.7,6,4.8,6.5,7.796535,13.41953,14.39333,2.4,4.8,5,6.7,7.5,3.3,13.3,3.8,5.6,5.3,4.787309,9.1,2.7,3.2,7.1,6.6,4.7,3.821412,3.9,3.7,3,6.5,6.6,4.7,13.9,8.4,11.1,4.2,4.5
2021-11-01,4.613064,5.1,5.8,4.8,6.1,7.692122,13.35374,13.68483,2.2,4.1,5.2,6.8,7.4,3.3,13.2,3.8,4,5.3,4.288357,9.1,2.8,3.1,7.3,6.6,4.7,3.771757,3.7,3.9,3,6.3,6.5,4.7,13.5,8.4,11.1,4.2,4.1
2021-12-01,4.180562,4.9,5.6,4.6,5.9,7.666484,12.20623,13.0892,2.2,4.5,5.5,7.2,7.4,3.2,12.9,3.8,4.6,5.1,3.999311,8.8,2.7,3.4,7.3,6.4,4.8,3.838543,3.8,3.3,2.9,6,6.4,4.5,13.3,8,11,4.1,3.9
2022-01-01,4.159094,4.7,5.3,4.4,6.5,7.735436,12.22166,13.26821,2.3,4.9,5.9,7,7.3,3.2,13.6,3.6,3.1,4.9,3.681311,8.6,2.8,3.4,7.1,6.3,4.5,3.524603,3.6,3.1,2.9,5.9,6.4,4.1,13.3,8.1,11.1,4,4
2022-02-01,4.017978,4.8,5.3,4.4,5.5,7.745485,11.93505,13.57533,2.5,4.3,5.5,6.6,7.3,3.1,12.9,3.6,4.2,4.7,3.861953,8.4,2.7,2.8,6.9,6,4.5,3.794231,3.4,3.5,2.9,5.8,6.3,4,13.2,7.4,10.7,3.9,3.8
2022-03-01,3.968065,4.4,5.4,4.3,5.4,7.734111,12.08539,13.24454,2.3,4,5.6,6.5,7.4,3.1,12.7,3.6,4.8,5,3.765998,8.3,2.6,2.8,6.8,5.7,4.5,3.371652,3.3,3.1,2.8,6,6.3,4.1,13.3,7.6,11.1,4,3.6
2022-04-01,3.846243,4.4,5.7,4.3,5.3,7.593853,10.75036,11.97243,2.5,4.1,5.5,6.2,7.6,3,12.5,3.6,2.8,4.5,3.526147,8.1,2.6,2.8,6.6,5.5,4.4,3.141664,3.2,2.7,2.8,6,6.3,4.4,13.2,7.8,10.8,3.9,3.7
2022-05-01,3.927735,4.6,5.9,4.4,5.2,7.565042,10.27852,11.65103,2.5,4.2,5.8,6.1,7.6,3,12.5,3.5,3.3,4.1,3.679287,8.1,2.6,2.9,6.6,5.6,4.4,3.311372,3.3,3.9,2.8,6.2,6.2,4.5,12.9,7.8,10.8,3.9,3.6
2022-06-01,3.615557,4.4,5.8,4.2,5,7.559095,11.31874,11.82208,2.4,4.3,6,6.9,7.5,3,12.3,3.5,4.1,4.1,3.395588,8.2,2.6,2.9,6.6,5.8,4.4,3.361928,3.4,3.2,2.8,6.1,6.2,4.3,12.9,7.4,10.4,3.7,3.6
2022-07-01,3.497185,4.6,5.4,4.1,4.8,7.61597,10.7379,11.84895,2.4,4.6,5.9,7.1,7.3,3.1,12.5,3.6,4.1,4.2,3.527715,8,2.5,2.9,6.9,6.1,4.5,3.22425,3.6,2.8,2.9,6.2,6.1,4.1,12.8,7.3,10.2,3.6,3.5
2022-08-01,3.552038,5,5.4,4,5.2,7.818028,10.97608,11.98554,2.4,4.5,5.6,7.2,7.2,3.1,12.3,3.6,3.7,4.3,3.622051,8.2,2.5,2.6,7,6.2,4.7,3.285599,3.8,3.5,3,6.2,6.1,3.9,12.8,6.9,9.8,3.8,3.6
2022-09-01,3.603805,5.1,5.4,3.9,5.1,7.928697,11.34414,11.48672,2.3,4.5,5.3,7.2,7.1,3.1,12.1,3.7,3.4,4.3,3.79242,8,2.6,2.8,7,6.1,4.7,3.122145,3.8,3.4,3,6.2,6.1,3.8,12.9,7,10.1,3.9,3.5
2022-10-01,3.458095,4.8,5.6,3.9,5.1,8.22147,10.80735,11.63411,2.2,4.5,5.3,6.4,7.2,3.1,12.2,3.7,2.8,4.4,4.073539,7.8,2.6,2.8,7,5.9,4.9,3.20739,3.7,3.1,2.9,6.1,6,3.7,13,7.8,10.3,3.8,3.6
2022-11-01,3.49622,5.2,5.7,3.9,5.1,8.389838,10.9304,11.70402,2.6,4.8,5.4,6.7,7.1,3,11.7,3.7,4.7,4.5,4.009424,7.8,2.5,2.7,6.8,5.9,4.8,2.944162,3.6,3.2,2.9,6.5,6.1,3.6,13.1,7.2,10.1,3.9,3.6
2022-12-01,3.49455,4.9,5.7,4,5,8.457254,11.16546,11.78597,2.3,4.8,5.3,7.3,7.1,3,12,3.7,3.3,4.3,4.139781,7.9,2.5,3,6.6,6.3,4.9,2.991492,3.5,3.5,2.8,6.8,6.1,3.5,13.1,7.5,10.3,3.8,3.5
